Workbook

Sheet Client List
A1: Client ID | B1: Client Name | C1: Company | D1: Service | E1: Email | F1: Phone
A2: CL001 | B2: Anna Santos | C2: Santos Events | D2: Website Design | E2: anna@santosevents.com | F2: 09171234567
A3: CL002 | B3: Mark Reyes | C3: Reyes Realty | D3: Virtual Assistance | E3: mark@reyesrealty.com | F3: 09182345678
A4: CL003 | B4: Julia Cruz | C4: Cruz Boutique | D4: Social Media Management | E4: julia@cruzboutique.com | F4: 09193456789
A5: CL004 | B5: Daniel Garcia | C5: Garcia Consulting | D5: Data Entry | E5: daniel@garciaconsulting.com | F5: 09204567890
A6: CL005 | B6: Sofia Mendoza | C6: Mendoza Cafe | D6: Website Design | E6: sofia@mendozacafe.com | F6: 09215678901
A7: CL006 | B7: Carlo Aquino | C7: Aquino Fitness | D7: Social Media Management | E7: carlo@aquinofitness.com | F7: 09226789012
A8: CL007 | B8: Mia Torres | C8: Torres Photography | D8: Virtual Assistance | E8: mia@torresphoto.com | F8: 09237890123
A9: CL008 | B9: Lucas Navarro | C9: Navarro Travel | D9: Data Entry | E9: lucas@navarrotravel.com | F9: 09248901234
A10: CL009 | B10: Bea Flores | C10: Flores Studio | D10: Website Design | E10: bea@floresstudio.com | F10: 09259012345
A11: CL010 | B11: Ethan Ramos | C11: Ramos Construction | D11: Virtual Assistance | E11: ethan@ramosconstruction.com | F11: 09260123456

Sheet Follow-Up Tracker
A1: Follow-Up Date | B1: Client ID | C1: Follow-Up Type | D1: Status | E1: Amount | F1: Notes | G1: Client Name | H1: Company | I1: Priority | K1: Follow-Up Summary
A2: 46266 | B2: CL001 | C2: Email | D2: Completed | E2: 5000 | F2: Sent proposal | G2: =_xlfn.XLOOKUP(B2,'Client List'!A:A,'Client List'!B:B,"Not Found") -> Anna Santos | H2: =_xlfn.XLOOKUP(B2,'Client List'!A:A,'Client List'!C:C,"Not Found") -> Santos Events | I2: =IF(D2="Pending","High",IF(D2="No Response","Medium","Low")) -> Low | K2: Pending | L2: =COUNTIF(D2:D21,"Pending") -> 8
A3: 46267 | B3: CL002 | C3: Call | D3: Pending | E3: 3500 | F3: Waiting for response | G3: =_xlfn.XLOOKUP(B3,'Client List'!A:A,'Client List'!B:B,"Not Found") -> Mark Reyes | H3: =_xlfn.XLOOKUP(B3,'Client List'!A:A,'Client List'!C:C,"Not Found") -> Reyes Realty | I3: =IF(D3="Pending","High",IF(D3="No Response","Medium","Low")) -> High | K3: Completed | L3: =COUNTIF(D2:D21,"Completed") -> 8
A4: 46268 | B4: CL003 | C4: Email | D4: Completed | E4: 2500 | F4: Sent service details | G4: =_xlfn.XLOOKUP(B4,'Client List'!A:A,'Client List'!B:B,"Not Found") -> Julia Cruz | H4: =_xlfn.XLOOKUP(B4,'Client List'!A:A,'Client List'!C:C,"Not Found") -> Cruz Boutique | I4: =IF(D4="Pending","High",IF(D4="No Response","Medium","Low")) -> Low | K4: No Response | L4: =COUNTIF(D2:D21,"No Response") -> 4
A5: 46269 | B5: CL004 | C5: Call | D5: No Response | E5: 1800 | F5: Try again next week | G5: =_xlfn.XLOOKUP(B5,'Client List'!A:A,'Client List'!B:B,"Not Found") -> Daniel Garcia | H5: =_xlfn.XLOOKUP(B5,'Client List'!A:A,'Client List'!C:C,"Not Found") -> Garcia Consulting | I5: =IF(D5="Pending","High",IF(D5="No Response","Medium","Low")) -> Medium
A6: 46270 | B6: CL005 | C6: Email | D6: Pending | E6: 4500 | F6: Proposal under review | G6: =_xlfn.XLOOKUP(B6,'Client List'!A:A,'Client List'!B:B,"Not Found") -> Sofia Mendoza | H6: =_xlfn.XLOOKUP(B6,'Client List'!A:A,'Client List'!C:C,"Not Found") -> Mendoza Cafe | I6: =IF(D6="Pending","High",IF(D6="No Response","Medium","Low")) -> High | K6: Pending Value | L6: =SUMIF(D2:D21,"Pending",E2:E21) -> 27600
A7: 46271 | B7: CL006 | C7: Call | D7: Completed | E7: 3000 | F7: Interested in package | G7: =_xlfn.XLOOKUP(B7,'Client List'!A:A,'Client List'!B:B,"Not Found") -> Carlo Aquino | H7: =_xlfn.XLOOKUP(B7,'Client List'!A:A,'Client List'!C:C,"Not Found") -> Aquino Fitness | I7: =IF(D7="Pending","High",IF(D7="No Response","Medium","Low")) -> Low | K7: Completed Value | L7: =SUMIF(D2:D21,"Completed",E2:E21) -> 27500
A8: 46272 | B8: CL007 | C8: Email | D8: Pending | E8: 4000 | F8: Waiting for confirmation | G8: =_xlfn.XLOOKUP(B8,'Client List'!A:A,'Client List'!B:B,"Not Found") -> Mia Torres | H8: =_xlfn.XLOOKUP(B8,'Client List'!A:A,'Client List'!C:C,"Not Found") -> Torres Photography | I8: =IF(D8="Pending","High",IF(D8="No Response","Medium","Low")) -> High | K8: No Response Value | L8: =SUMIF(D2:D21,"No Response",E2:E21) -> 14300
A9: 46273 | B9: CL008 | C9: Call | D9: Completed | E9: 2200 | F9: Discussed requirements | G9: =_xlfn.XLOOKUP(B9,'Client List'!A:A,'Client List'!B:B,"Not Found") -> Lucas Navarro | H9: =_xlfn.XLOOKUP(B9,'Client List'!A:A,'Client List'!C:C,"Not Found") -> Navarro Travel | I9: =IF(D9="Pending","High",IF(D9="No Response","Medium","Low")) -> Low
A10: 46274 | B10: CL009 | C10: Email | D10: No Response | E10: 5000 | F10: Follow up again | G10: =_xlfn.XLOOKUP(B10,'Client List'!A:A,'Client List'!B:B,"Not Found") -> Bea Flores | H10: =_xlfn.XLOOKUP(B10,'Client List'!A:A,'Client List'!C:C,"Not Found") -> Flores Studio | I10: =IF(D10="Pending","High",IF(D10="No Response","Medium","Low")) -> Medium
A11: 46275 | B11: CL010 | C11: Call | D11: Pending | E11: 3200 | F11: Requested more information | G11: =_xlfn.XLOOKUP(B11,'Client List'!A:A,'Client List'!B:B,"Not Found") -> Ethan Ramos | H11: =_xlfn.XLOOKUP(B11,'Client List'!A:A,'Client List'!C:C,"Not Found") -> Ramos Construction | I11: =IF(D11="Pending","High",IF(D11="No Response","Medium","Low")) -> High
A12: 46276 | B12: CL001 | C12: Call | D12: Completed | E12: 5000 | F12: Client approved proposal | G12: =_xlfn.XLOOKUP(B12,'Client List'!A:A,'Client List'!B:B,"Not Found") -> Anna Santos | H12: =_xlfn.XLOOKUP(B12,'Client List'!A:A,'Client List'!C:C,"Not Found") -> Santos Events | I12: =IF(D12="Pending","High",IF(D12="No Response","Medium","Low")) -> Low
A13: 46277 | B13: CL002 | C13: Email | D13: No Response | E13: 3500 | F13: No reply | G13: =_xlfn.XLOOKUP(B13,'Client List'!A:A,'Client List'!B:B,"Not Found") -> Mark Reyes | H13: =_xlfn.XLOOKUP(B13,'Client List'!A:A,'Client List'!C:C,"Not Found") -> Reyes Realty | I13: =IF(D13="Pending","High",IF(D13="No Response","Medium","Low")) -> Medium
A14: 46278 | B14: CL003 | C14: Call | D14: Pending | E14: 2500 | F14: Schedule another call | G14: =_xlfn.XLOOKUP(B14,'Client List'!A:A,'Client List'!B:B,"Not Found") -> Julia Cruz | H14: =_xlfn.XLOOKUP(B14,'Client List'!A:A,'Client List'!C:C,"Not Found") -> Cruz Boutique | I14: =IF(D14="Pending","High",IF(D14="No Response","Medium","Low")) -> High
A15: 46279 | B15: CL004 | C15: Email | D15: Completed | E15: 1800 | F15: Documents received | G15: =_xlfn.XLOOKUP(B15,'Client List'!A:A,'Client List'!B:B,"Not Found") -> Daniel Garcia | H15: =_xlfn.XLOOKUP(B15,'Client List'!A:A,'Client List'!C:C,"Not Found") -> Garcia Consulting | I15: =IF(D15="Pending","High",IF(D15="No Response","Medium","Low")) -> Low
A16: 46280 | B16: CL005 | C16: Call | D16: Pending | E16: 4500 | F16: Follow-up scheduled | G16: =_xlfn.XLOOKUP(B16,'Client List'!A:A,'Client List'!B:B,"Not Found") -> Sofia Mendoza | H16: =_xlfn.XLOOKUP(B16,'Client List'!A:A,'Client List'!C:C,"Not Found") -> Mendoza Cafe | I16: =IF(D16="Pending","High",IF(D16="No Response","Medium","Low")) -> High
A17: 46281 | B17: CL006 | C17: Email | D17: Completed | E17: 3000 | F17: Contract sent | G17: =_xlfn.XLOOKUP(B17,'Client List'!A:A,'Client List'!B:B,"Not Found") -> Carlo Aquino | H17: =_xlfn.XLOOKUP(B17,'Client List'!A:A,'Client List'!C:C,"Not Found") -> Aquino Fitness | I17: =IF(D17="Pending","High",IF(D17="No Response","Medium","Low")) -> Low
A18: 46282 | B18: CL007 | C18: Call | D18: No Response | E18: 4000 | F18: No answer | G18: =_xlfn.XLOOKUP(B18,'Client List'!A:A,'Client List'!B:B,"Not Found") -> Mia Torres | H18: =_xlfn.XLOOKUP(B18,'Client List'!A:A,'Client List'!C:C,"Not Found") -> Torres Photography | I18: =IF(D18="Pending","High",IF(D18="No Response","Medium","Low")) -> Medium
A19: 46283 | B19: CL008 | C19: Email | D19: Pending | E19: 2200 | F19: Waiting for approval | G19: =_xlfn.XLOOKUP(B19,'Client List'!A:A,'Client List'!B:B,"Not Found") -> Lucas Navarro | H19: =_xlfn.XLOOKUP(B19,'Client List'!A:A,'Client List'!C:C,"Not Found") -> Navarro Travel | I19: =IF(D19="Pending","High",IF(D19="No Response","Medium","Low")) -> High
A20: 46284 | B20: CL009 | C20: Call | D20: Completed | E20: 5000 | F20: Client confirmed | G20: =_xlfn.XLOOKUP(B20,'Client List'!A:A,'Client List'!B:B,"Not Found") -> Bea Flores | H20: =_xlfn.XLOOKUP(B20,'Client List'!A:A,'Client List'!C:C,"Not Found") -> Flores Studio | I20: =IF(D20="Pending","High",IF(D20="No Response","Medium","Low")) -> Low
A21: 46285 | B21: CL010 | C21: Email | D21: Pending | E21: 3200 | F21: Waiting for reply | G21: =_xlfn.XLOOKUP(B21,'Client List'!A:A,'Client List'!B:B,"Not Found") -> Ethan Ramos | H21: =_xlfn.XLOOKUP(B21,'Client List'!A:A,'Client List'!C:C,"Not Found") -> Ramos Construction | I21: =IF(D21="Pending","High",IF(D21="No Response","Medium","Low")) -> High
